
{"id":"#plot-Du","size":[600,400],"margin":[60,60],"fit":true,"x":[0,1],"y":[0,4],"log":"","traces":[{"y":[0.07237293403149159,0.06308700803030808,0.061272231986632994,0.06439681570812406,0.0689539665299445,0.07324615253025371,0.077447110556125,0.08206399788249909,0.0872802637313907,0.09306507582712281,0.09939497356031356,0.10632261092157039,0.11394233083877749,0.12235533858691729,0.13166558159973255,0.14198990671451636,0.15346595113589276,0.1662551575692493,0.18054465694392913,0.19655042980124385,0.21452158115311745,0.23474469420049027,0.25754742059019176,0.2833004799985993,0.31241665254234224,0.34534426957167647,0.38255128438135166,0.42449439421384605,0.4715666308664732,0.5240189594036966,0.5818639370774182,0.6448089500179717,0.7123617245350181,0.7844170053547951,0.8627272101832079,0.9530021944652207,1.0647666183078357,1.2030508612164081,1.351802008542588,1.4662672399453263,1.4937215227400422,1.4111137062612655,1.2400854417363565,1.0248485919908523,0.8048688894529847,0.6053499636534092,0.4386703310518573,0.3079165886267689,0.21036629250353833,0.14048049135552207,0.09203737149518836,0.059349230111168355,0.03777226821957403,0.02378361307224305,0.014846519968433648,0.009204072334886034,0.005675365644782356,0.0034850590085823484,0.0021334224491375217,0.0013030345369078424,0.0007945723075702814,0.00048398297983708895,0.00029458571661981545,0.00017922515887854235,0.00010901265062101828,0.00006629835560112683,0.00004031931741633041,0.00002452053017887412,0.000014912971661527296,0.000009070281015461109],"color":"#43a"},{"y":[0.07687171984875528,0.0638165891758042,0.06053232047369122,0.06295532137594714,0.06707026166332139,0.07103196826575121,0.07493434888087097,0.07923431584942384,0.08409288664319564,0.08947085326935528,0.09533709119613222,0.10173272186966908,0.1087376114867698,0.11643654527139552,0.12491448812534456,0.13426535028934036,0.14459855590720014,0.1560408370563283,0.16873666834860623,0.18284953545113136,0.19856383473810618,0.21608640021709571,0.23564687490156538,0.2574962795394812,0.28190285588749314,0.30914380415387954,0.33949123753213634,0.3731910062754779,0.41043501533424204,0.45133351656039183,0.4959077527443272,0.5441506880847211,0.5962437533812103,0.6530358464203279,0.7167547525490406,0.7913720178391785,0.881075755463175,0.9852725959061639,1.0918095747371581,1.1750643988182021,1.2049057950575692,1.163255413953101,1.0550632901048704,0.903689743488314,0.7368755458610887,0.5763617619261143,0.43511510223319894,0.3186625244553144,0.22740238101652188,0.1587496784528327,0.10879958988894184,0.07343734964103396,0.04895572163692384,0.03231146754090742,0.02115928802743001,0.013772766996694188,0.008924198622687188,0.005763336545987573,0.0037132381253583103,0.0023885007048651203,0.0015347189810200326,0.000985447025810328,0.0006324934970453548,0.00040585890366995315,0.0002603991735228065,0.0001670625543826618,0.0001071790783822333,0.00006876073099234313,0.00004411373886525983,0.000028301595059901895],"color":"#43a"},{"y":[0.08609398626276671,0.0658152336136071,0.059671598094632884,0.06084934181225996,0.06426363519384083,0.0677334656247829,0.07120368698402567,0.07505035234264698,0.07940084426284426,0.08420472140224544,0.08942140371493816,0.09507750442163149,0.10123479562417644,0.10795805737151148,0.11530975117645123,0.12335719373135969,0.13217777878425557,0.14185976813030124,0.1525016730124759,0.16421221030743804,0.17711070679443267,0.19132715186595312,0.20700138435478344,0.22428119012300862,0.24331912943284043,0.26426794685452204,0.28727475874569675,0.312475174371569,0.3399905178516989,0.3699349669690101,0.40244503622697153,0.4377498899586441,0.47630011520321236,0.5189447032620804,0.5670557994833763,0.6223298692695994,0.6858488274928171,0.7561967120340601,0.8272822892619127,0.8875564686383137,0.9223197952686645,0.9190816863063505,0.8732972446065591,0.7906121844904651,0.6840342217371517,0.5684561426388203,0.45623794177274446,0.35542295458156986,0.26994176734248865,0.20064901113010875,0.14646354471212483,0.10531124066265087,0.07479245246819781,0.052592769745286705,0.0366935400114464,0.025446171339775336,0.017565747061642732,0.012084830977517337,0.008293755046781181,0.005682098708781245,0.00388815224876959,0.0026584012355216537,0.0018165911332902397,0.0012408902558695878,0.0008474285357555738,0.0005786316220916185,0.0003950519171873687,0.0002696960222678014,0.0001841083129089798,0.00012567747895370277],"color":"#43a"},{"y":[0.10393061000163198,0.0707024902000914,0.05902496986155078,0.057907352263563215,0.06019341677792132,0.06294608032797815,0.06581603128453435,0.06904530426339506,0.07271092854188746,0.07674827905624025,0.08110664647424552,0.08579642587883812,0.09085925153840001,0.09633849408663513,0.10227354544928449,0.10870533152574753,0.1156803531506569,0.12325094798877423,0.13147430317555162,0.14041196204174475,0.15012982495031202,0.16069810257237563,0.1721909640147882,0.18468594195875138,0.19826328301078736,0.21300551684073593,0.22899772744780622,0.2463293974554793,0.26509922860153595,0.2854248730427999,0.3074596094395912,0.3314166248205584,0.357596725431103,0.38640422140151176,0.418316873105595,0.45375445407833015,0.49278665611250977,0.5346685604797348,0.57731141502912,0.616948611378248,0.6483295777053141,0.6656495171378157,0.6640793841831868,0.6413435242226369,0.5985971619918397,0.5401336233528505,0.4720912299474551,0.4008402655361827,0.3317299532926336,0.26848929068769783,0.2131963363615173,0.16657402255583997,0.12839478702633889,0.09786171535334734,0.07390857664641301,0.0554072977788601,0.04129423340351256,0.03063480019397686,0.022646327321344487,0.016695629435596594,0.012283394292756326,0.00902335835577932,0.006620992516450473,0.004854136315499142,0.003556567875434765,0.0026046651053488567,0.001906896049380084,0.0013957101490041236,0.0010213744953110639,0.000747338283578533],"color":"#43a"},{"y":[0.13552194787190108,0.08132383787467684,0.0595640316939575,0.05412699599735032,0.05454054250184775,0.05626907734494456,0.05835402775348594,0.060803128251077254,0.0636162185576372,0.06671146465333572,0.07002960676906306,0.07356586135445843,0.07734280405830601,0.0813846582882949,0.08571151228325012,0.09034316331326293,0.09530215462370194,0.10061392507920994,0.10630597169677257,0.11240742595412552,0.11894911692523467,0.1259637539842783,0.13348605525171886,0.1415528739644059,0.15020343570789202,0.1594797774051733,0.16942746373929057,0.180096654113156,0.19154355905288542,0.20383220115584547,0.21703611315029456,0.23123907841817135,0.2465331656359582,0.26301112598856186,0.28074892820837816,0.29977343452621136,0.32001112404919324,0.3412178090890942,0.3628974207029561,0.384229293402828,0.40403417528465063,0.4208130594073389,0.43288334144669977,0.43861105522763555,0.43670105423463235,0.4264730636986342,0.4080393730966579,0.3823224583533872,0.3509031933679716,0.3157484015467581,0.2789011615594541,0.24221440891891743,0.20717670213688547,0.17483995570949373,0.14583035622121354,0.1204117029927215,0.09857166478998784,0.08010928438653593,0.06471108604166832,0.05201049474762346,0.04163013750547349,0.03320922370543688,0.0264192232788308,0.020971105422242543,0.01661695198422492,0.013148137853394134,0.010391658359093519,0.008205666218796273,0.006474883310261042,0.005106268816358373],